<?xml version="1.0" encoding="UTF-8"?>
<project-private xmlns="http://www.netbeans.org/ns/project-private/1">
    <editor-bookmarks xmlns="http://www.netbeans.org/ns/editor-bookmarks/2" lastBookmarkId="0"/>
    <open-files xmlns="http://www.netbeans.org/ns/projectui-open-files/2">
        <group>
            <file>file:/home/mario/NetBeansProjects/Marcianitos/Marcianitos/src/deepspace/CombatResult.java</file>
            <file>file:/home/mario/NetBeansProjects/Marcianitos/Marcianitos/src/deepspace/SpaceStation.java</file>
            <file>file:/home/mario/NetBeansProjects/Marcianitos/Marcianitos/src/deepspace/SuppliesPackage.java</file>
            <file>file:/home/mario/NetBeansProjects/Marcianitos/Marcianitos/src/deepspace/GameUniverse.java</file>
            <file>file:/home/mario/NetBeansProjects/Marcianitos/Marcianitos/src/deepspace/Damage.java</file>
        </group>
    </open-files>
</project-private>
