<?xml version="1.0" encoding="UTF-8"?>
<project-private xmlns="http://www.netbeans.org/ns/project-private/1">
    <editor-bookmarks xmlns="http://www.netbeans.org/ns/editor-bookmarks/2" lastBookmarkId="0"/>
    <open-files xmlns="http://www.netbeans.org/ns/projectui-open-files/2">
        <group>
            <file>file:/home/laura/Escritorio/PDOO%20para%20examen/ex2%20java/Marcianitos/src/View/GUI/FireView.java</file>
            <file>file:/home/laura/Escritorio/PDOO%20para%20examen/ex2%20java/Marcianitos/src/View/GUI/MainWindowExamen.java</file>
            <file>file:/home/laura/Escritorio/PDOO%20para%20examen/ex2%20java/Marcianitos/src/deepspace/ShotResult.java</file>
            <file>file:/home/laura/Escritorio/PDOO%20para%20examen/ex2%20java/Marcianitos/src/View/GUI/HangarView.java</file>
            <file>file:/home/laura/Escritorio/PDOO%20para%20examen/ex2%20java/Marcianitos/src/controller/ControllerExamen.java</file>
            <file>file:/home/laura/Escritorio/PDOO%20para%20examen/ex2%20java/Marcianitos/src/main/ExamenP5.java</file>
        </group>
    </open-files>
</project-private>
