<?xml version="1.0" encoding="UTF-8"?>
<project-private xmlns="http://www.netbeans.org/ns/project-private/1">
    <editor-bookmarks xmlns="http://www.netbeans.org/ns/editor-bookmarks/2" lastBookmarkId="0"/>
    <open-files xmlns="http://www.netbeans.org/ns/projectui-open-files/2">
        <group>
            <file>file:/home/laura/Escritorio/PDOO%20para%20examen/ex3%20java/Marcianitos/src/View/GUI/MainWindowExamen.java</file>
            <file>file:/home/laura/Escritorio/PDOO%20para%20examen/ex3%20java/Marcianitos/src/main/MainExamen.java</file>
            <file>file:/home/laura/Escritorio/PDOO%20para%20examen/ex3%20java/Marcianitos/src/View/GUI/DamageView.java</file>
            <file>file:/home/laura/Escritorio/PDOO%20para%20examen/ex3%20java/Marcianitos/src/View/GUI/SpecificDamageView.java</file>
            <file>file:/home/laura/Escritorio/PDOO%20para%20examen/ex3%20java/Marcianitos/src/deepspace/GameUniverseToUI.java</file>
            <file>file:/home/laura/Escritorio/PDOO%20para%20examen/ex3%20java/Marcianitos/src/deepspace/Damage.java</file>
            <file>file:/home/laura/Escritorio/PDOO%20para%20examen/ex3%20java/Marcianitos/src/View/GUI/newEnemyView.java</file>
        </group>
    </open-files>
</project-private>
